,0,1,2,3,4,5,6,7,8,9,10,11,12,13,14,15,16,17,18,19
0,10,10,100,10,10,0,0,0,0,0,0,0,10,0,0,0,0,0,0,0
600,10,10,100,10,10,0,0,0,0,0,0,0,10,0,0,0,0,0,0,0
1200,10,10,100,10,10,0,0,0,0,0,0,0,10,0,0,0,0,0,0,0
1800,10,10,100,10,10,0,0,0,0,0,0,0,10,0,0,0,0,0,0,0
2400,10,10,100,10,10,0,0,0,0,0,0,0,10,0,0,0,0,0,0,0
3000,10,10,100,10,10,0,0,0,0,0,0,0,10,0,0,0,0,0,0,0
3600,10,10,100,10,10,0,0,0,0,0,0,0,10,0,0,0,0,0,0,0
4200,10,10,100,10,10,0,0,0,0,0,0,0,10,0,0,0,0,0,0,0
4800,10,10,100,10,10,0,0,0,0,0,0,0,10,0,0,0,0,0,0,0
5400,10,10,100,10,10,0,0,0,0,0,0,0,10,0,0,0,0,0,0,0
6000,10,10,100,10,10,0,0,0,0,0,0,0,10,0,0,0,0,0,0,0
6600,10,10,100,10,10,0,0,0,0,0,0,0,10,0,0,0,0,0,0,0
7200,10,10,100,10,10,0,0,0,0,0,0,0,10,0,0,0,0,0,0,0
7800,10,10,100,10,10,0,0,0,0,0,0,0,10,0,0,0,0,0,0,0
8400,10,10,100,10,10,0,0,0,0,0,0,0,10,0,0,0,0,0,0,0
9000,10,10,100,10,10,0,0,0,0,0,0,0,10,0,0,0,0,0,0,0
9600,10,10,100,10,10,0,0,0,0,0,0,0,10,0,0,0,0,0,0,0
10200,10,10,100,10,10,0,0,0,0,0,0,0,10,0,0,0,0,0,0,0
10800,10,10,100,10,10,0,0,0,0,0,0,0,10,0,0,0,0,0,0,0
11400,10,10,100,10,10,0,0,0,0,0,0,0,10,0,0,0,0,0,0,0
12000,10,10,100,10,10,0,0,0,0,0,0,0,10,0,0,0,0,0,0,0
12600,10,10,100,10,10,0,0,0,0,0,0,0,10,0,0,0,0,0,0,0
13200,10,10,100,10,10,0,0,0,0,0,0,0,10,0,0,0,0,0,0,0
13800,10,10,100,10,10,0,0,0,0,0,0,0,10,0,0,0,0,0,0,0
14400,10,10,100,10,10,0,0,0,0,0,0,0,10,0,0,0,0,0,0,0
15000,10,10,100,10,10,0,0,0,0,0,0,0,10,0,0,0,0,0,0,0
15600,10,10,100,10,10,0,0,0,0,0,0,0,10,0,0,0,0,0,0,0
16200,10,10,100,10,10,0,0,0,0,0,0,0,10,0,0,0,0,0,0,0
16800,10,10,100,10,10,0,0,0,0,0,0,0,10,0,0,0,0,0,0,0
17400,10,10,100,10,10,0,0,0,0,0,0,0,10,0,0,0,0,0,0,0
18000,10,10,100,10,10,0,0,0,0,0,0,0,10,0,0,0,0,0,0,0
18600,10,10,100,10,10,0,0,0,0,0,0,0,10,0,0,0,0,0,0,0
19200,10,10,100,10,10,0,0,0,0,0,0,0,10,0,0,0,0,0,0,0
19800,10,10,100,10,10,0,0,0,0,0,0,0,10,0,0,0,0,0,0,0
20400,10,10,100,10,10,0,0,0,0,0,0,0,10,0,0,0,0,0,0,0
21000,10,10,100,10,10,0,0,0,0,0,0,0,10,0,0,0,0,0,0,0
21600,10,10,100,10,10,0,0,0,0,0,0,0,10,0,0,0,0,0,0,0
22200,10,10,100,10,10,0,0,0,0,0,0,0,10,0,0,0,0,0,0,0
22800,10,10,100,10,10,0,0,0,0,0,0,0,10,0,0,0,0,0,0,0
23400,10,10,100,10,10,0,0,0,0,0,0,0,10,0,0,0,0,0,0,0
24000,10,10,100,10,10,0,0,0,0,0,0,0,10,0,0,0,0,0,0,0
24600,10,10,100,10,10,0,0,0,0,0,0,0,10,0,0,0,0,0,0,0
25200,10,10,100,10,10,0,0,0,0,0,0,0,10,0,0,0,0,0,0,0
25800,10,10,100,10,10,0,0,0,0,0,0,0,10,0,0,0,0,0,0,0
26400,10,10,100,10,10,0,0,0,0,0,0,0,10,0,0,0,0,0,0,0
27000,10,10,100,10,10,0,0,0,0,0,0,0,10,0,0,0,0,0,0,0
27600,10,10,100,10,10,0,0,0,0,0,0,0,10,0,0,0,0,0,0,0
28200,10,10,100,10,10,0,0,0,0,0,0,0,10,0,0,0,0,0,0,0
28800,10,10,100,10,10,0,0,0,0,0,0,0,10,0,0,0,0,0,0,0
29400,10,10,100,10,10,0,0,0,0,0,0,0,10,0,0,0,0,0,0,0
30000,10,10,100,10,10,0,0,0,0,0,0,0,10,0,0,0,0,0,0,0
30600,10,10,100,10,10,0,0,0,0,0,0,0,10,0,0,0,0,0,0,0
31200,10,10,100,10,10,0,0,0,0,0,0,0,10,0,0,0,0,0,0,0
31800,10,10,100,10,10,0,0,0,0,0,0,0,10,0,0,0,0,0,0,0
32400,10,10,100,10,10,0,0,0,0,0,0,0,10,0,0,0,0,0,0,0
33000,10,10,100,10,10,0,0,0,0,0,0,0,10,0,0,0,0,0,0,0
33600,10,10,100,10,10,0,0,0,0,0,0,0,10,0,0,0,0,0,0,0
34200,10,10,100,10,10,0,0,0,0,0,0,0,10,0,0,0,0,0,0,0
34800,10,10,100,10,10,0,0,0,0,0,0,0,10,0,0,0,0,0,0,0
35400,10,10,100,10,10,0,0,0,0,0,0,0,10,0,0,0,0,0,0,0
36000,10,10,100,10,10,0,0,0,0,0,0,0,10,0,0,0,0,0,0,0
36600,10,10,100,10,10,0,0,0,0,0,0,0,10,0,0,0,0,0,0,0
37200,10,10,100,10,10,0,0,0,0,0,0,0,10,0,0,0,0,0,0,0
37800,10,10,100,10,10,0,0,0,0,0,0,0,10,0,0,0,0,0,0,0
38400,10,10,100,10,10,0,0,0,0,0,0,0,10,0,0,0,0,0,0,0
39000,10,10,100,10,10,0,0,0,0,0,0,0,10,0,0,0,0,0,0,0
39600,10,10,100,10,10,0,0,0,0,0,0,0,10,0,0,0,0,0,0,0
40200,10,10,100,10,10,0,0,0,0,0,0,0,10,0,0,0,0,0,0,0
40800,10,10,100,10,10,0,0,0,0,0,0,0,10,0,0,0,0,0,0,0
41400,10,10,100,10,10,0,0,0,0,0,0,0,10,0,0,0,0,0,0,0
42000,10,10,100,10,10,0,0,0,0,0,0,0,10,0,0,0,0,0,0,0
42600,10,10,100,10,10,0,0,0,0,0,0,0,10,0,0,0,0,0,0,0
43200,10,10,100,10,10,0,0,0,0,0,0,0,10,0,0,0,0,0,0,0
43800,10,10,100,10,10,0,0,0,0,0,0,0,10,0,0,0,0,0,0,0
44400,10,10,100,10,10,0,0,0,0,0,0,0,10,0,0,0,0,0,0,0
45000,10,10,100,10,10,0,0,0,0,0,0,0,10,0,0,0,0,0,0,0
45600,10,10,100,10,10,0,0,0,0,0,0,0,10,0,0,0,0,0,0,0
46200,10,10,100,10,10,0,0,0,0,0,0,0,10,0,0,0,0,0,0,0
46800,10,10,100,10,10,0,0,0,0,0,0,0,10,0,0,0,0,0,0,0
47400,10,10,100,10,10,0,0,0,0,0,0,0,10,0,0,0,0,0,0,0
48000,10,10,100,10,10,0,0,0,0,0,0,0,10,0,0,0,0,0,0,0
48600,10,10,100,10,10,0,0,0,0,0,0,0,10,0,0,0,0,0,0,0
49200,10,10,100,10,10,0,0,0,0,0,0,0,10,0,0,0,0,0,0,0
49800,10,10,100,10,10,0,0,0,0,0,0,0,10,0,0,0,0,0,0,0
50400,10,10,100,10,10,0,0,0,0,0,0,0,10,0,0,0,0,0,0,0
51000,10,10,100,10,10,0,0,0,0,0,0,0,10,0,0,0,0,0,0,0
51600,10,10,100,10,10,0,0,0,0,0,0,0,10,0,0,0,0,0,0,0
52200,10,10,100,10,10,0,0,0,0,0,0,0,10,0,0,0,0,0,0,0
52800,10,10,100,10,10,0,0,0,0,0,0,0,10,0,0,0,0,0,0,0
53400,10,10,100,10,10,0,0,0,0,0,0,0,10,0,0,0,0,0,0,0
54000,10,10,100,10,10,0,0,0,0,0,0,0,10,0,0,0,0,0,0,0
54600,10,10,100,10,10,0,0,0,0,0,0,0,10,0,0,0,0,0,0,0
55200,10,10,100,10,10,0,0,0,0,0,0,0,10,0,0,0,0,0,0,0
55800,10,10,100,10,10,0,0,0,0,0,0,0,10,0,0,0,0,0,0,0
56400,10,10,100,10,10,0,0,0,0,0,0,0,10,0,0,0,0,0,0,0
57000,10,10,100,10,10,0,0,0,0,0,0,0,10,0,0,0,0,0,0,0
57600,10,10,100,10,10,0,0,0,0,0,0,0,10,0,0,0,0,0,0,0
58200,10,10,100,10,10,0,0,0,0,0,0,0,10,0,0,0,0,0,0,0
58800,10,10,100,10,10,0,0,0,0,0,0,0,10,0,0,0,0,0,0,0
59400,10,10,100,10,10,0,0,0,0,0,0,0,10,0,0,0,0,0,0,0
60000,10,10,100,10,10,0,0,0,0,0,0,0,10,0,0,0,0,0,0,0
60600,10,10,100,10,10,0,0,0,0,0,0,0,10,0,0,0,0,0,0,0
61200,10,10,100,10,10,0,0,0,0,0,0,0,10,0,0,0,0,0,0,0
61800,10,10,100,10,10,0,0,0,0,0,0,0,10,0,0,0,0,0,0,0
62400,10,10,100,10,10,0,0,0,0,0,0,0,10,0,0,0,0,0,0,0
63000,10,10,100,10,10,0,0,0,0,0,0,0,10,0,0,0,0,0,0,0
63600,10,10,100,10,10,0,0,0,0,0,0,0,10,0,0,0,0,0,0,0
64200,10,10,100,10,10,0,0,0,0,0,0,0,10,0,0,0,0,0,0,0
64800,10,10,100,10,10,0,0,0,0,0,0,0,10,0,0,0,0,0,0,0
65400,10,10,100,10,10,0,0,0,0,0,0,0,10,0,0,0,0,0,0,0
66000,10,10,100,10,10,0,0,0,0,0,0,0,10,0,0,0,0,0,0,0
66600,10,10,100,10,10,0,0,0,0,0,0,0,10,0,0,0,0,0,0,0
67200,10,10,100,10,10,0,0,0,0,0,0,0,10,0,0,0,0,0,0,0
67800,10,10,100,10,10,0,0,0,0,0,0,0,10,0,0,0,0,0,0,0
68400,10,10,100,10,10,0,0,0,0,0,0,0,10,0,0,0,0,0,0,0
69000,10,10,100,10,10,0,0,0,0,0,0,0,10,0,0,0,0,0,0,0
69600,10,10,100,10,10,0,0,0,0,0,0,0,10,0,0,0,0,0,0,0
70200,10,10,100,10,10,0,0,0,0,0,0,0,10,0,0,0,0,0,0,0
70800,10,10,100,10,10,0,0,0,0,0,0,0,10,0,0,0,0,0,0,0
71400,10,10,100,10,10,0,0,0,0,0,0,0,10,0,0,0,0,0,0,0
72000,10,10,100,10,10,0,0,0,0,0,0,0,10,0,0,0,0,0,0,0
72600,10,10,100,10,10,0,0,0,0,0,0,0,10,0,0,0,0,0,0,0
73200,10,10,100,10,10,0,0,0,0,0,0,0,10,0,0,0,0,0,0,0
73800,10,10,100,10,10,0,0,0,0,0,0,0,10,0,0,0,0,0,0,0
74400,10,10,100,10,10,0,0,0,0,0,0,0,10,0,0,0,0,0,0,0
75000,10,10,100,10,10,0,0,0,0,0,0,0,10,0,0,0,0,0,0,0
75600,10,10,100,10,10,0,0,0,0,0,0,0,10,0,0,0,0,0,0,0
76200,10,10,100,10,10,0,0,0,0,0,0,0,10,0,0,0,0,0,0,0
76800,10,10,100,10,10,0,0,0,0,0,0,0,10,0,0,0,0,0,0,0
77400,10,10,100,10,10,0,0,0,0,0,0,0,10,0,0,0,0,0,0,0
78000,10,10,100,10,10,0,0,0,0,0,0,0,10,0,0,0,0,0,0,0
78600,10,10,100,10,10,0,0,0,0,0,0,0,10,0,0,0,0,0,0,0
79200,10,10,100,10,10,0,0,0,0,0,0,0,10,0,0,0,0,0,0,0
79800,10,10,100,10,10,0,0,0,0,0,0,0,10,0,0,0,0,0,0,0
80400,10,10,100,10,10,0,0,0,0,0,0,0,10,0,0,0,0,0,0,0
81000,10,10,100,10,10,0,0,0,0,0,0,0,10,0,0,0,0,0,0,0
81600,10,10,100,10,10,0,0,0,0,0,0,0,10,0,0,0,0,0,0,0
82200,10,10,100,10,10,0,0,0,0,0,0,0,10,0,0,0,0,0,0,0
82800,10,10,100,10,10,0,0,0,0,0,0,0,10,0,0,0,0,0,0,0
83400,10,10,100,10,10,0,0,0,0,0,0,0,10,0,0,0,0,0,0,0
84000,10,10,100,10,10,0,0,0,0,0,0,0,10,0,0,0,0,0,0,0
84600,10,10,100,10,10,0,0,0,0,0,0,0,10,0,0,0,0,0,0,0
85200,10,10,100,10,10,0,0,0,0,0,0,0,10,0,0,0,0,0,0,0
85800,10,10,100,10,10,0,0,0,0,0,0,0,10,0,0,0,0,0,0,0
86400,10,10,100,10,10,0,0,0,0,0,0,0,10,0,0,0,0,0,0,0
87000,10,10,100,10,10,0,0,0,0,0,0,0,10,0,0,0,0,0,0,0
87600,10,10,100,10,10,0,0,0,0,0,0,0,10,0,0,0,0,0,0,0
88200,10,10,100,10,10,0,0,0,0,0,0,0,10,0,0,0,0,0,0,0
88800,10,10,100,10,10,0,0,0,0,0,0,0,10,0,0,0,0,0,0,0
89400,10,10,100,10,10,0,0,0,0,0,0,0,10,0,0,0,0,0,0,0
90000,10,10,100,10,10,0,0,0,0,0,0,0,10,0,0,0,0,0,0,0
90600,10,10,100,10,10,0,0,0,0,0,0,0,10,0,0,0,0,0,0,0
91200,10,10,100,10,10,0,0,0,0,0,0,0,10,0,0,0,0,0,0,0
91800,10,10,100,10,10,0,0,0,0,0,0,0,10,0,0,0,0,0,0,0
92400,10,10,100,10,10,0,0,0,0,0,0,0,10,0,0,0,0,0,0,0
93000,10,10,100,10,10,0,0,0,0,0,0,0,10,0,0,0,0,0,0,0
93600,10,10,100,10,10,0,0,0,0,0,0,0,10,0,0,0,0,0,0,0
94200,10,10,100,10,10,0,0,0,0,0,0,0,10,0,0,0,0,0,0,0
94800,10,10,100,10,10,0,0,0,0,0,0,0,10,0,0,0,0,0,0,0
95400,10,10,100,10,10,0,0,0,0,0,0,0,10,0,0,0,0,0,0,0
96000,10,10,100,10,10,0,0,0,0,0,0,0,10,0,0,0,0,0,0,0
96600,10,10,100,10,10,0,0,0,0,0,0,0,10,0,0,0,0,0,0,0
97200,10,10,100,10,10,0,0,0,0,0,0,0,10,0,0,0,0,0,0,0
97800,10,10,100,10,10,0,0,0,0,0,0,0,10,0,0,0,0,0,0,0
98400,10,10,100,10,10,0,0,0,0,0,0,0,10,0,0,0,0,0,0,0
99000,10,10,100,10,10,0,0,0,0,0,0,0,10,0,0,0,0,0,0,0
99600,10,10,100,10,10,0,0,0,0,0,0,0,10,0,0,0,0,0,0,0
100200,10,10,100,10,10,0,0,0,0,0,0,0,10,0,0,0,0,0,0,0
100800,10,10,100,10,10,0,0,0,0,0,0,0,10,0,0,0,0,0,0,0
101400,10,10,100,10,10,0,0,0,0,0,0,0,10,0,0,0,0,0,0,0
102000,10,10,100,10,10,0,0,0,0,0,0,0,10,0,0,0,0,0,0,0
102600,10,10,100,10,10,0,0,0,0,0,0,0,10,0,0,0,0,0,0,0
103200,10,10,100,10,10,0,0,0,0,0,0,0,10,0,0,0,0,0,0,0
103800,10,10,100,10,10,0,0,0,0,0,0,0,10,0,0,0,0,0,0,0
104400,10,10,100,10,10,0,0,0,0,0,0,0,10,0,0,0,0,0,0,0
105000,10,10,100,10,10,0,0,0,0,0,0,0,10,0,0,0,0,0,0,0
105600,10,10,100,10,10,0,0,0,0,0,0,0,10,0,0,0,0,0,0,0
106200,10,10,100,10,10,0,0,0,0,0,0,0,10,0,0,0,0,0,0,0
106800,10,10,100,10,10,0,0,0,0,0,0,0,10,0,0,0,0,0,0,0
107400,10,10,100,10,10,0,0,0,0,0,0,0,10,0,0,0,0,0,0,0
108000,10,10,100,10,10,0,0,0,0,0,0,0,10,0,0,0,0,0,0,0
108600,10,10,100,10,10,0,0,0,0,0,0,0,10,0,0,0,0,0,0,0
109200,10,10,100,10,10,0,0,0,0,0,0,0,10,0,0,0,0,0,0,0
109800,10,10,100,10,10,0,0,0,0,0,0,0,10,0,0,0,0,0,0,0
110400,10,10,100,10,10,0,0,0,0,0,0,0,10,0,0,0,0,0,0,0
111000,10,10,100,10,10,0,0,0,0,0,0,0,10,0,0,0,0,0,0,0
111600,10,10,100,10,10,0,0,0,0,0,0,0,10,0,0,0,0,0,0,0
112200,10,10,100,10,10,0,0,0,0,0,0,0,10,0,0,0,0,0,0,0
112800,10,10,100,10,10,0,0,0,0,0,0,0,10,0,0,0,0,0,0,0
113400,10,10,100,10,10,0,0,0,0,0,0,0,10,0,0,0,0,0,0,0
114000,10,10,100,10,10,0,0,0,0,0,0,0,10,0,0,0,0,0,0,0
114600,10,10,100,10,10,0,0,0,0,0,0,0,10,0,0,0,0,0,0,0
115200,10,10,100,10,10,0,0,0,0,0,0,0,10,0,0,0,0,0,0,0
115800,10,10,100,10,10,0,0,0,0,0,0,0,10,0,0,0,0,0,0,0
116400,10,10,100,10,10,0,0,0,0,0,0,0,10,0,0,0,0,0,0,0
117000,10,10,100,10,10,0,0,0,0,0,0,0,10,0,0,0,0,0,0,0
117600,10,10,100,10,10,0,0,0,0,0,0,0,10,0,0,0,0,0,0,0
118200,10,10,100,10,10,0,0,0,0,0,0,0,10,0,0,0,0,0,0,0
118800,10,10,100,10,10,0,0,0,0,0,0,0,10,0,0,0,0,0,0,0
119400,10,10,100,10,10,0,0,0,0,0,0,0,10,0,0,0,0,0,0,0
120000,10,10,100,10,10,0,0,0,0,0,0,0,10,0,0,0,0,0,0,0
120600,10,10,100,10,10,0,0,0,0,0,0,0,10,0,0,0,0,0,0,0
121200,10,10,100,10,10,0,0,0,0,0,0,0,10,0,0,0,0,0,0,0
121800,10,10,100,10,10,0,0,0,0,0,0,0,10,0,0,0,0,0,0,0
122400,10,10,100,10,10,0,0,0,0,0,0,0,10,0,0,0,0,0,0,0
123000,10,10,100,10,10,0,0,0,0,0,0,0,10,0,0,0,0,0,0,0
123600,10,10,100,10,10,0,0,0,0,0,0,0,10,0,0,0,0,0,0,0
124200,10,10,100,10,10,0,0,0,0,0,0,0,10,0,0,0,0,0,0,0
124800,10,10,100,10,10,0,0,0,0,0,0,0,10,0,0,0,0,0,0,0
125400,10,10,100,10,10,0,0,0,0,0,0,0,10,0,0,0,0,0,0,0
126000,10,10,100,10,10,0,0,0,0,0,0,0,10,0,0,0,0,0,0,0
126600,10,10,100,10,10,0,0,0,0,0,0,0,10,0,0,0,0,0,0,0
127200,10,10,100,10,10,0,0,0,0,0,0,0,10,0,0,0,0,0,0,0
127800,10,10,100,10,10,0,0,0,0,0,0,0,10,0,0,0,0,0,0,0
128400,10,10,100,10,10,0,0,0,0,0,0,0,10,0,0,0,0,0,0,0
129000,10,10,100,10,10,0,0,0,0,0,0,0,10,0,0,0,0,0,0,0
129600,10,10,100,10,10,0,0,0,0,0,0,0,10,0,0,0,0,0,0,0
130200,10,10,100,10,10,0,0,0,0,0,0,0,10,0,0,0,0,0,0,0
130800,10,10,100,10,10,0,0,0,0,0,0,0,10,0,0,0,0,0,0,0
131400,10,10,100,10,10,0,0,0,0,0,0,0,10,0,0,0,0,0,0,0
132000,10,10,100,10,10,0,0,0,0,0,0,0,10,0,0,0,0,0,0,0
132600,10,10,100,10,10,0,0,0,0,0,0,0,10,0,0,0,0,0,0,0
133200,10,10,100,10,10,0,0,0,0,0,0,0,10,0,0,0,0,0,0,0
133800,10,10,100,10,10,0,0,0,0,0,0,0,10,0,0,0,0,0,0,0
134400,10,10,100,10,10,0,0,0,0,0,0,0,10,0,0,0,0,0,0,0
135000,10,10,100,10,10,0,0,0,0,0,0,0,10,0,0,0,0,0,0,0
135600,10,10,100,10,10,0,0,0,0,0,0,0,10,0,0,0,0,0,0,0
136200,10,10,100,10,10,0,0,0,0,0,0,0,10,0,0,0,0,0,0,0
136800,10,10,100,10,10,0,0,0,0,0,0,0,10,0,0,0,0,0,0,0
137400,10,10,100,10,10,0,0,0,0,0,0,0,10,0,0,0,0,0,0,0
138000,10,10,100,10,10,0,0,0,0,0,0,0,10,0,0,0,0,0,0,0
138600,10,10,100,10,10,0,0,0,0,0,0,0,10,0,0,0,0,0,0,0
139200,10,10,100,10,10,0,0,0,0,0,0,0,10,0,0,0,0,0,0,0
139800,10,10,100,10,10,0,0,0,0,0,0,0,10,0,0,0,0,0,0,0
140400,10,10,100,10,10,0,0,0,0,0,0,0,10,0,0,0,0,0,0,0
141000,10,10,100,10,10,0,0,0,0,0,0,0,10,0,0,0,0,0,0,0
141600,10,10,100,10,10,0,0,0,0,0,0,0,10,0,0,0,0,0,0,0
142200,10,10,100,10,10,0,0,0,0,0,0,0,10,0,0,0,0,0,0,0
142800,10,10,100,10,10,0,0,0,0,0,0,0,10,0,0,0,0,0,0,0
143400,10,10,100,10,10,0,0,0,0,0,0,0,10,0,0,0,0,0,0,0
144000,10,10,100,10,10,0,0,0,0,0,0,0,10,0,0,0,0,0,0,0
144600,10,10,100,10,10,0,0,0,0,0,0,0,10,0,0,0,0,0,0,0
145200,10,10,100,10,10,0,0,0,0,0,0,0,10,0,0,0,0,0,0,0
145800,10,10,100,10,10,0,0,0,0,0,0,0,10,0,0,0,0,0,0,0
146400,10,10,100,10,10,0,0,0,0,0,0,0,10,0,0,0,0,0,0,0
147000,10,10,100,10,10,0,0,0,0,0,0,0,10,0,0,0,0,0,0,0
147600,10,10,100,10,10,0,0,0,0,0,0,0,10,0,0,0,0,0,0,0
148200,10,10,100,10,10,0,0,0,0,0,0,0,10,0,0,0,0,0,0,0
148800,10,10,100,10,10,0,0,0,0,0,0,0,10,0,0,0,0,0,0,0
149400,10,10,100,10,10,0,0,0,0,0,0,0,10,0,0,0,0,0,0,0
150000,10,10,100,10,10,0,0,0,0,0,0,0,10,0,0,0,0,0,0,0
150600,10,10,100,10,10,0,0,0,0,0,0,0,10,0,0,0,0,0,0,0
151200,10,10,100,10,10,0,0,0,0,0,0,0,10,0,0,0,0,0,0,0
151800,10,10,100,10,10,0,0,0,0,0,0,0,10,0,0,0,0,0,0,0
152400,10,10,100,10,10,0,0,0,0,0,0,0,10,0,0,0,0,0,0,0
153000,10,10,100,10,10,0,0,0,0,0,0,0,10,0,0,0,0,0,0,0
153600,10,10,100,10,10,0,0,0,0,0,0,0,10,0,0,0,0,0,0,0
154200,10,10,100,10,10,0,0,0,0,0,0,0,10,0,0,0,0,0,0,0
154800,10,10,100,10,10,0,0,0,0,0,0,0,10,0,0,0,0,0,0,0
155400,10,10,100,10,10,0,0,0,0,0,0,0,10,0,0,0,0,0,0,0
156000,10,10,100,10,10,0,0,0,0,0,0,0,10,0,0,0,0,0,0,0
156600,10,10,100,10,10,0,0,0,0,0,0,0,10,0,0,0,0,0,0,0
157200,10,10,100,10,10,0,0,0,0,0,0,0,10,0,0,0,0,0,0,0
157800,10,10,100,10,10,0,0,0,0,0,0,0,10,0,0,0,0,0,0,0
158400,10,10,100,10,10,0,0,0,0,0,0,0,10,0,0,0,0,0,0,0
159000,10,10,100,10,10,0,0,0,0,0,0,0,10,0,0,0,0,0,0,0
159600,10,10,100,10,10,0,0,0,0,0,0,0,10,0,0,0,0,0,0,0
160200,10,10,100,10,10,0,0,0,0,0,0,0,10,0,0,0,0,0,0,0
160800,10,10,100,10,10,0,0,0,0,0,0,0,10,0,0,0,0,0,0,0
161400,10,10,100,10,10,0,0,0,0,0,0,0,10,0,0,0,0,0,0,0
162000,10,10,100,10,10,0,0,0,0,0,0,0,10,0,0,0,0,0,0,0
162600,10,10,100,10,10,0,0,0,0,0,0,0,10,0,0,0,0,0,0,0
163200,10,10,100,10,10,0,0,0,0,0,0,0,10,0,0,0,0,0,0,0
163800,10,10,100,10,10,0,0,0,0,0,0,0,10,0,0,0,0,0,0,0
164400,10,10,100,10,10,0,0,0,0,0,0,0,10,0,0,0,0,0,0,0
165000,10,10,100,10,10,0,0,0,0,0,0,0,10,0,0,0,0,0,0,0
165600,10,10,100,10,10,0,0,0,0,0,0,0,10,0,0,0,0,0,0,0
166200,10,10,100,10,10,0,0,0,0,0,0,0,10,0,0,0,0,0,0,0
166800,10,10,100,10,10,0,0,0,0,0,0,0,10,0,0,0,0,0,0,0
167400,10,10,100,10,10,0,0,0,0,0,0,0,10,0,0,0,0,0,0,0
168000,10,10,100,10,10,0,0,0,0,0,0,0,10,0,0,0,0,0,0,0
168600,10,10,100,10,10,0,0,0,0,0,0,0,10,0,0,0,0,0,0,0
169200,10,10,100,10,10,0,0,0,0,0,0,0,10,0,0,0,0,0,0,0
169800,10,10,100,10,10,0,0,0,0,0,0,0,10,0,0,0,0,0,0,0
170400,10,10,100,10,10,0,0,0,0,0,0,0,10,0,0,0,0,0,0,0
171000,10,10,100,10,10,0,0,0,0,0,0,0,10,0,0,0,0,0,0,0
171600,10,10,100,10,10,0,0,0,0,0,0,0,10,0,0,0,0,0,0,0
172200,10,10,100,10,10,0,0,0,0,0,0,0,10,0,0,0,0,0,0,0
172800,10,10,100,10,10,0,0,0,0,0,0,0,10,0,0,0,0,0,0,0
173400,10,10,100,10,10,0,0,0,0,0,0,0,10,0,0,0,0,0,0,0
174000,10,10,100,10,10,0,0,0,0,0,0,0,10,0,0,0,0,0,0,0
174600,10,10,100,10,10,0,0,0,0,0,0,0,10,0,0,0,0,0,0,0
175200,10,10,100,10,10,0,0,0,0,0,0,0,10,0,0,0,0,0,0,0
175800,10,10,100,10,10,0,0,0,0,0,0,0,10,0,0,0,0,0,0,0
176400,10,10,100,10,10,0,0,0,0,0,0,0,10,0,0,0,0,0,0,0
177000,10,10,100,10,10,0,0,0,0,0,0,0,10,0,0,0,0,0,0,0
177600,10,10,100,10,10,0,0,0,0,0,0,0,10,0,0,0,0,0,0,0
178200,10,10,100,10,10,0,0,0,0,0,0,0,10,0,0,0,0,0,0,0
178800,10,10,100,10,10,0,0,0,0,0,0,0,10,0,0,0,0,0,0,0
179400,10,10,100,10,10,0,0,0,0,0,0,0,10,0,0,0,0,0,0,0
180000,10,10,100,10,10,0,0,0,0,0,0,0,10,0,0,0,0,0,0,0
180600,10,10,100,10,10,0,0,0,0,0,0,0,10,0,0,0,0,0,0,0
181200,10,10,100,10,10,0,0,0,0,0,0,0,10,0,0,0,0,0,0,0
181800,10,10,100,10,10,0,0,0,0,0,0,0,10,0,0,0,0,0,0,0
182400,10,10,100,10,10,0,0,0,0,0,0,0,10,0,0,0,0,0,0,0
183000,10,10,100,10,10,0,0,0,0,0,0,0,10,0,0,0,0,0,0,0
183600,10,10,100,10,10,0,0,0,0,0,0,0,10,0,0,0,0,0,0,0
184200,10,10,100,10,10,0,0,0,0,0,0,0,10,0,0,0,0,0,0,0
184800,10,10,100,10,10,0,0,0,0,0,0,0,10,0,0,0,0,0,0,0
185400,10,10,100,10,10,0,0,0,0,0,0,0,10,0,0,0,0,0,0,0
186000,10,10,100,10,10,0,0,0,0,0,0,0,10,0,0,0,0,0,0,0
186600,10,10,100,10,10,0,0,0,0,0,0,0,10,0,0,0,0,0,0,0
187200,10,10,100,10,10,0,0,0,0,0,0,0,10,0,0,0,0,0,0,0
187800,10,10,100,10,10,0,0,0,0,0,0,0,10,0,0,0,0,0,0,0
188400,10,10,100,10,10,0,0,0,0,0,0,0,10,0,0,0,0,0,0,0
189000,10,10,100,10,10,0,0,0,0,0,0,0,10,0,0,0,0,0,0,0
189600,10,10,100,10,10,0,0,0,0,0,0,0,10,0,0,0,0,0,0,0
190200,10,10,100,10,10,0,0,0,0,0,0,0,10,0,0,0,0,0,0,0
190800,10,10,100,10,10,0,0,0,0,0,0,0,10,0,0,0,0,0,0,0
191400,10,10,100,10,10,0,0,0,0,0,0,0,10,0,0,0,0,0,0,0
192000,10,10,100,10,10,0,0,0,0,0,0,0,10,0,0,0,0,0,0,0
192600,10,10,100,10,10,0,0,0,0,0,0,0,10,0,0,0,0,0,0,0
193200,10,10,100,10,10,0,0,0,0,0,0,0,10,0,0,0,0,0,0,0
193800,10,10,100,10,10,0,0,0,0,0,0,0,10,0,0,0,0,0,0,0
194400,10,10,100,10,10,0,0,0,0,0,0,0,10,0,0,0,0,0,0,0
195000,10,10,100,10,10,0,0,0,0,0,0,0,10,0,0,0,0,0,0,0
195600,10,10,100,10,10,0,0,0,0,0,0,0,10,0,0,0,0,0,0,0
196200,10,10,100,10,10,0,0,0,0,0,0,0,10,0,0,0,0,0,0,0
196800,10,10,100,10,10,0,0,0,0,0,0,0,10,0,0,0,0,0,0,0
197400,10,10,100,10,10,0,0,0,0,0,0,0,10,0,0,0,0,0,0,0
198000,10,10,100,10,10,0,0,0,0,0,0,0,10,0,0,0,0,0,0,0
198600,10,10,100,10,10,0,0,0,0,0,0,0,10,0,0,0,0,0,0,0
199200,10,10,100,10,10,0,0,0,0,0,0,0,10,0,0,0,0,0,0,0
199800,10,10,100,10,10,0,0,0,0,0,0,0,10,0,0,0,0,0,0,0
200400,10,10,100,10,10,0,0,0,0,0,0,0,10,0,0,0,0,0,0,0
201000,10,10,100,10,10,0,0,0,0,0,0,0,10,0,0,0,0,0,0,0
201600,10,10,100,10,10,0,0,0,0,0,0,0,10,0,0,0,0,0,0,0
202200,10,10,100,10,10,0,0,0,0,0,0,0,10,0,0,0,0,0,0,0
202800,10,10,100,10,10,0,0,0,0,0,0,0,10,0,0,0,0,0,0,0
203400,10,10,100,10,10,0,0,0,0,0,0,0,10,0,0,0,0,0,0,0
204000,10,10,100,10,10,0,0,0,0,0,0,0,10,0,0,0,0,0,0,0
204600,10,10,100,10,10,0,0,0,0,0,0,0,10,0,0,0,0,0,0,0
205200,10,10,100,10,10,0,0,0,0,0,0,0,10,0,0,0,0,0,0,0
205800,10,10,100,10,10,0,0,0,0,0,0,0,10,0,0,0,0,0,0,0
206400,10,10,100,10,10,0,0,0,0,0,0,0,10,0,0,0,0,0,0,0
207000,10,10,100,10,10,0,0,0,0,0,0,0,10,0,0,0,0,0,0,0
207600,10,10,100,10,10,0,0,0,0,0,0,0,10,0,0,0,0,0,0,0
208200,10,10,100,10,10,0,0,0,0,0,0,0,10,0,0,0,0,0,0,0
208800,10,10,100,10,10,0,0,0,0,0,0,0,10,0,0,0,0,0,0,0
209400,10,10,100,10,10,0,0,0,0,0,0,0,10,0,0,0,0,0,0,0
210000,10,10,100,10,10,0,0,0,0,0,0,0,10,0,0,0,0,0,0,0
210600,10,10,100,10,10,0,0,0,0,0,0,0,10,0,0,0,0,0,0,0
211200,10,10,100,10,10,0,0,0,0,0,0,0,10,0,0,0,0,0,0,0
211800,10,10,100,10,10,0,0,0,0,0,0,0,10,0,0,0,0,0,0,0
212400,10,10,100,10,10,0,0,0,0,0,0,0,10,0,0,0,0,0,0,0
213000,10,10,100,10,10,0,0,0,0,0,0,0,10,0,0,0,0,0,0,0
213600,10,10,100,10,10,0,0,0,0,0,0,0,10,0,0,0,0,0,0,0
214200,10,10,100,10,10,0,0,0,0,0,0,0,10,0,0,0,0,0,0,0
214800,10,10,100,10,10,0,0,0,0,0,0,0,10,0,0,0,0,0,0,0
215400,10,10,100,10,10,0,0,0,0,0,0,0,10,0,0,0,0,0,0,0
216000,10,10,100,10,10,0,0,0,0,0,0,0,10,0,0,0,0,0,0,0
216600,10,10,100,10,10,0,0,0,0,0,0,0,10,0,0,0,0,0,0,0
217200,10,10,100,10,10,0,0,0,0,0,0,0,10,0,0,0,0,0,0,0
217800,10,10,100,10,10,0,0,0,0,0,0,0,10,0,0,0,0,0,0,0
218400,10,10,100,10,10,0,0,0,0,0,0,0,10,0,0,0,0,0,0,0
219000,10,10,100,10,10,0,0,0,0,0,0,0,10,0,0,0,0,0,0,0
219600,10,10,100,10,10,0,0,0,0,0,0,0,10,0,0,0,0,0,0,0
220200,10,10,100,10,10,0,0,0,0,0,0,0,10,0,0,0,0,0,0,0
220800,10,10,100,10,10,0,0,0,0,0,0,0,10,0,0,0,0,0,0,0
221400,10,10,100,10,10,0,0,0,0,0,0,0,10,0,0,0,0,0,0,0
222000,10,10,100,10,10,0,0,0,0,0,0,0,10,0,0,0,0,0,0,0
222600,10,10,100,10,10,0,0,0,0,0,0,0,10,0,0,0,0,0,0,0
223200,10,10,100,10,10,0,0,0,0,0,0,0,10,0,0,0,0,0,0,0
223800,10,10,100,10,10,0,0,0,0,0,0,0,10,0,0,0,0,0,0,0
224400,10,10,100,10,10,0,0,0,0,0,0,0,10,0,0,0,0,0,0,0
225000,10,10,100,10,10,0,0,0,0,0,0,0,10,0,0,0,0,0,0,0
225600,10,10,100,10,10,0,0,0,0,0,0,0,10,0,0,0,0,0,0,0
226200,10,10,100,10,10,0,0,0,0,0,0,0,10,0,0,0,0,0,0,0
226800,10,10,100,10,10,0,0,0,0,0,0,0,10,0,0,0,0,0,0,0
227400,10,10,100,10,10,0,0,0,0,0,0,0,10,0,0,0,0,0,0,0
228000,10,10,100,10,10,0,0,0,0,0,0,0,10,0,0,0,0,0,0,0
228600,10,10,100,10,10,0,0,0,0,0,0,0,10,0,0,0,0,0,0,0
229200,10,10,100,10,10,0,0,0,0,0,0,0,10,0,0,0,0,0,0,0
229800,10,10,100,10,10,0,0,0,0,0,0,0,10,0,0,0,0,0,0,0
230400,10,10,100,10,10,0,0,0,0,0,0,0,10,0,0,0,0,0,0,0
231000,10,10,100,10,10,0,0,0,0,0,0,0,10,0,0,0,0,0,0,0
231600,10,10,100,10,10,0,0,0,0,0,0,0,10,0,0,0,0,0,0,0
232200,10,10,100,10,10,0,0,0,0,0,0,0,10,0,0,0,0,0,0,0
232800,10,10,100,10,10,0,0,0,0,0,0,0,10,0,0,0,0,0,0,0
233400,10,10,100,10,10,0,0,0,0,0,0,0,10,0,0,0,0,0,0,0
234000,10,10,100,10,10,0,0,0,0,0,0,0,10,0,0,0,0,0,0,0
234600,10,10,100,10,10,0,0,0,0,0,0,0,10,0,0,0,0,0,0,0
235200,10,10,100,10,10,0,0,0,0,0,0,0,10,0,0,0,0,0,0,0
235800,10,10,100,10,10,0,0,0,0,0,0,0,10,0,0,0,0,0,0,0
236400,10,10,100,10,10,0,0,0,0,0,0,0,10,0,0,0,0,0,0,0
237000,10,10,100,10,10,0,0,0,0,0,0,0,10,0,0,0,0,0,0,0
237600,10,10,100,10,10,0,0,0,0,0,0,0,10,0,0,0,0,0,0,0
238200,10,10,100,10,10,0,0,0,0,0,0,0,10,0,0,0,0,0,0,0
238800,10,10,100,10,10,0,0,0,0,0,0,0,10,0,0,0,0,0,0,0
239400,10,10,100,10,10,0,0,0,0,0,0,0,10,0,0,0,0,0,0,0
240000,10,10,100,10,10,0,0,0,0,0,0,0,10,0,0,0,0,0,0,0
240600,10,10,100,10,10,0,0,0,0,0,0,0,10,0,0,0,0,0,0,0
241200,10,10,100,10,10,0,0,0,0,0,0,0,10,0,0,0,0,0,0,0
241800,10,10,100,10,10,0,0,0,0,0,0,0,10,0,0,0,0,0,0,0
242400,10,10,100,10,10,0,0,0,0,0,0,0,10,0,0,0,0,0,0,0
243000,10,10,100,10,10,0,0,0,0,0,0,0,10,0,0,0,0,0,0,0
243600,10,10,100,10,10,0,0,0,0,0,0,0,10,0,0,0,0,0,0,0
244200,10,10,100,10,10,0,0,0,0,0,0,0,10,0,0,0,0,0,0,0
244800,10,10,100,10,10,0,0,0,0,0,0,0,10,0,0,0,0,0,0,0
245400,10,10,100,10,10,0,0,0,0,0,0,0,10,0,0,0,0,0,0,0
246000,10,10,100,10,10,0,0,0,0,0,0,0,10,0,0,0,0,0,0,0
246600,10,10,100,10,10,0,0,0,0,0,0,0,10,0,0,0,0,0,0,0
247200,10,10,100,10,10,0,0,0,0,0,0,0,10,0,0,0,0,0,0,0
247800,10,10,100,10,10,0,0,0,0,0,0,0,10,0,0,0,0,0,0,0
248400,10,10,100,10,10,0,0,0,0,0,0,0,10,0,0,0,0,0,0,0
249000,10,10,100,10,10,0,0,0,0,0,0,0,10,0,0,0,0,0,0,0
249600,10,10,100,10,10,0,0,0,0,0,0,0,10,0,0,0,0,0,0,0
250200,10,10,100,10,10,0,0,0,0,0,0,0,10,0,0,0,0,0,0,0
250800,10,10,100,10,10,0,0,0,0,0,0,0,10,0,0,0,0,0,0,0
251400,10,10,100,10,10,0,0,0,0,0,0,0,10,0,0,0,0,0,0,0
252000,10,10,100,10,10,0,0,0,0,0,0,0,10,0,0,0,0,0,0,0
252600,10,10,100,10,10,0,0,0,0,0,0,0,10,0,0,0,0,0,0,0
253200,10,10,100,10,10,0,0,0,0,0,0,0,10,0,0,0,0,0,0,0
253800,10,10,100,10,10,0,0,0,0,0,0,0,10,0,0,0,0,0,0,0
254400,10,10,100,10,10,0,0,0,0,0,0,0,10,0,0,0,0,0,0,0
255000,10,10,100,10,10,0,0,0,0,0,0,0,10,0,0,0,0,0,0,0
255600,10,10,100,10,10,0,0,0,0,0,0,0,10,0,0,0,0,0,0,0
256200,10,10,100,10,10,0,0,0,0,0,0,0,10,0,0,0,0,0,0,0
256800,10,10,100,10,10,0,0,0,0,0,0,0,10,0,0,0,0,0,0,0
257400,10,10,100,10,10,0,0,0,0,0,0,0,10,0,0,0,0,0,0,0
258000,10,10,100,10,10,0,0,0,0,0,0,0,10,0,0,0,0,0,0,0
258600,10,10,100,10,10,0,0,0,0,0,0,0,10,0,0,0,0,0,0,0
259200,10,10,100,10,10,0,0,0,0,0,0,0,10,0,0,0,0,0,0,0
259800,10,10,100,10,10,0,0,0,0,0,0,0,10,0,0,0,0,0,0,0
260400,10,10,100,10,10,0,0,0,0,0,0,0,10,0,0,0,0,0,0,0
261000,10,10,100,10,10,0,0,0,0,0,0,0,10,0,0,0,0,0,0,0
261600,10,10,100,10,10,0,0,0,0,0,0,0,10,0,0,0,0,0,0,0
262200,10,10,100,10,10,0,0,0,0,0,0,0,10,0,0,0,0,0,0,0
262800,10,10,100,10,10,0,0,0,0,0,0,0,10,0,0,0,0,0,0,0
263400,10,10,100,10,10,0,0,0,0,0,0,0,10,0,0,0,0,0,0,0
264000,10,10,100,10,10,0,0,0,0,0,0,0,10,0,0,0,0,0,0,0
264600,10,10,100,10,10,0,0,0,0,0,0,0,10,0,0,0,0,0,0,0
265200,10,10,100,10,10,0,0,0,0,0,0,0,10,0,0,0,0,0,0,0
265800,10,10,100,10,10,0,0,0,0,0,0,0,10,0,0,0,0,0,0,0
266400,10,10,100,10,10,0,0,0,0,0,0,0,10,0,0,0,0,0,0,0
267000,10,10,100,10,10,0,0,0,0,0,0,0,10,0,0,0,0,0,0,0
267600,10,10,100,10,10,0,0,0,0,0,0,0,10,0,0,0,0,0,0,0
268200,10,10,100,10,10,0,0,0,0,0,0,0,10,0,0,0,0,0,0,0
268800,10,10,100,10,10,0,0,0,0,0,0,0,10,0,0,0,0,0,0,0
269400,10,10,100,10,10,0,0,0,0,0,0,0,10,0,0,0,0,0,0,0
270000,10,10,100,10,10,0,0,0,0,0,0,0,10,0,0,0,0,0,0,0
270600,10,10,100,10,10,0,0,0,0,0,0,0,10,0,0,0,0,0,0,0
271200,10,10,100,10,10,0,0,0,0,0,0,0,10,0,0,0,0,0,0,0
271800,10,10,100,10,10,0,0,0,0,0,0,0,10,0,0,0,0,0,0,0
272400,10,10,100,10,10,0,0,0,0,0,0,0,10,0,0,0,0,0,0,0
273000,10,10,100,10,10,0,0,0,0,0,0,0,10,0,0,0,0,0,0,0
273600,10,10,100,10,10,0,0,0,0,0,0,0,10,0,0,0,0,0,0,0
274200,10,10,100,10,10,0,0,0,0,0,0,0,10,0,0,0,0,0,0,0
274800,10,10,100,10,10,0,0,0,0,0,0,0,10,0,0,0,0,0,0,0
275400,10,10,100,10,10,0,0,0,0,0,0,0,10,0,0,0,0,0,0,0
276000,10,10,100,10,10,0,0,0,0,0,0,0,10,0,0,0,0,0,0,0
276600,10,10,100,10,10,0,0,0,0,0,0,0,10,0,0,0,0,0,0,0
277200,10,10,100,10,10,0,0,0,0,0,0,0,10,0,0,0,0,0,0,0
277800,10,10,100,10,10,0,0,0,0,0,0,0,10,0,0,0,0,0,0,0
278400,10,10,100,10,10,0,0,0,0,0,0,0,10,0,0,0,0,0,0,0
279000,10,10,100,10,10,0,0,0,0,0,0,0,10,0,0,0,0,0,0,0
279600,10,10,100,10,10,0,0,0,0,0,0,0,10,0,0,0,0,0,0,0
280200,10,10,100,10,10,0,0,0,0,0,0,0,10,0,0,0,0,0,0,0
280800,10,10,100,10,10,0,0,0,0,0,0,0,10,0,0,0,0,0,0,0
281400,10,10,100,10,10,0,0,0,0,0,0,0,10,0,0,0,0,0,0,0
282000,10,10,100,10,10,0,0,0,0,0,0,0,10,0,0,0,0,0,0,0
282600,10,10,100,10,10,0,0,0,0,0,0,0,10,0,0,0,0,0,0,0
283200,10,10,100,10,10,0,0,0,0,0,0,0,10,0,0,0,0,0,0,0
283800,10,10,100,10,10,0,0,0,0,0,0,0,10,0,0,0,0,0,0,0
284400,10,10,100,10,10,0,0,0,0,0,0,0,10,0,0,0,0,0,0,0
285000,10,10,100,10,10,0,0,0,0,0,0,0,10,0,0,0,0,0,0,0
285600,10,10,100,10,10,0,0,0,0,0,0,0,10,0,0,0,0,0,0,0
286200,10,10,100,10,10,0,0,0,0,0,0,0,10,0,0,0,0,0,0,0
286800,10,10,100,10,10,0,0,0,0,0,0,0,10,0,0,0,0,0,0,0
287400,10,10,100,10,10,0,0,0,0,0,0,0,10,0,0,0,0,0,0,0
288000,10,10,100,10,10,0,0,0,0,0,0,0,10,0,0,0,0,0,0,0
288600,10,10,100,10,10,0,0,0,0,0,0,0,10,0,0,0,0,0,0,0
289200,10,10,100,10,10,0,0,0,0,0,0,0,10,0,0,0,0,0,0,0
289800,10,10,100,10,10,0,0,0,0,0,0,0,10,0,0,0,0,0,0,0
290400,10,10,100,10,10,0,0,0,0,0,0,0,10,0,0,0,0,0,0,0
291000,10,10,100,10,10,0,0,0,0,0,0,0,10,0,0,0,0,0,0,0
291600,10,10,100,10,10,0,0,0,0,0,0,0,10,0,0,0,0,0,0,0
292200,10,10,100,10,10,0,0,0,0,0,0,0,10,0,0,0,0,0,0,0
292800,10,10,100,10,10,0,0,0,0,0,0,0,10,0,0,0,0,0,0,0
293400,10,10,100,10,10,0,0,0,0,0,0,0,10,0,0,0,0,0,0,0
294000,10,10,100,10,10,0,0,0,0,0,0,0,10,0,0,0,0,0,0,0
294600,10,10,100,10,10,0,0,0,0,0,0,0,10,0,0,0,0,0,0,0
295200,10,10,100,10,10,0,0,0,0,0,0,0,10,0,0,0,0,0,0,0
295800,10,10,100,10,10,0,0,0,0,0,0,0,10,0,0,0,0,0,0,0
296400,10,10,100,10,10,0,0,0,0,0,0,0,10,0,0,0,0,0,0,0
297000,10,10,100,10,10,0,0,0,0,0,0,0,10,0,0,0,0,0,0,0
297600,10,10,100,10,10,0,0,0,0,0,0,0,10,0,0,0,0,0,0,0
298200,10,10,100,10,10,0,0,0,0,0,0,0,10,0,0,0,0,0,0,0
298800,10,10,100,10,10,0,0,0,0,0,0,0,10,0,0,0,0,0,0,0
299400,10,10,100,10,10,0,0,0,0,0,0,0,10,0,0,0,0,0,0,0
300000,10,10,100,10,10,0,0,0,0,0,0,0,10,0,0,0,0,0,0,0
300600,10,10,100,10,10,0,0,0,0,0,0,0,10,0,0,0,0,0,0,0
301200,10,10,100,10,10,0,0,0,0,0,0,0,10,0,0,0,0,0,0,0
301800,10,10,100,10,10,0,0,0,0,0,0,0,10,0,0,0,0,0,0,0
302400,10,10,100,10,10,0,0,0,0,0,0,0,10,0,0,0,0,0,0,0
303000,10,10,100,10,10,0,0,0,0,0,0,0,10,0,0,0,0,0,0,0
303600,10,10,100,10,10,0,0,0,0,0,0,0,10,0,0,0,0,0,0,0
304200,10,10,100,10,10,0,0,0,0,0,0,0,10,0,0,0,0,0,0,0
304800,10,10,100,10,10,0,0,0,0,0,0,0,10,0,0,0,0,0,0,0
305400,10,10,100,10,10,0,0,0,0,0,0,0,10,0,0,0,0,0,0,0
306000,10,10,100,10,10,0,0,0,0,0,0,0,10,0,0,0,0,0,0,0
306600,10,10,100,10,10,0,0,0,0,0,0,0,10,0,0,0,0,0,0,0
307200,10,10,100,10,10,0,0,0,0,0,0,0,10,0,0,0,0,0,0,0
307800,10,10,100,10,10,0,0,0,0,0,0,0,10,0,0,0,0,0,0,0
308400,10,10,100,10,10,0,0,0,0,0,0,0,10,0,0,0,0,0,0,0
309000,10,10,100,10,10,0,0,0,0,0,0,0,10,0,0,0,0,0,0,0
309600,10,10,100,10,10,0,0,0,0,0,0,0,10,0,0,0,0,0,0,0
310200,10,10,100,10,10,0,0,0,0,0,0,0,10,0,0,0,0,0,0,0
310800,10,10,100,10,10,0,0,0,0,0,0,0,10,0,0,0,0,0,0,0
311400,10,10,100,10,10,0,0,0,0,0,0,0,10,0,0,0,0,0,0,0
312000,10,10,100,10,10,0,0,0,0,0,0,0,10,0,0,0,0,0,0,0
312600,10,10,100,10,10,0,0,0,0,0,0,0,10,0,0,0,0,0,0,0
313200,10,10,100,10,10,0,0,0,0,0,0,0,10,0,0,0,0,0,0,0
313800,10,10,100,10,10,0,0,0,0,0,0,0,10,0,0,0,0,0,0,0
314400,10,10,100,10,10,0,0,0,0,0,0,0,10,0,0,0,0,0,0,0
315000,10,10,100,10,10,0,0,0,0,0,0,0,10,0,0,0,0,0,0,0
315600,10,10,100,10,10,0,0,0,0,0,0,0,10,0,0,0,0,0,0,0
316200,10,10,100,10,10,0,0,0,0,0,0,0,10,0,0,0,0,0,0,0
316800,10,10,100,10,10,0,0,0,0,0,0,0,10,0,0,0,0,0,0,0
317400,10,10,100,10,10,0,0,0,0,0,0,0,10,0,0,0,0,0,0,0
318000,10,10,100,10,10,0,0,0,0,0,0,0,10,0,0,0,0,0,0,0
318600,10,10,100,10,10,0,0,0,0,0,0,0,10,0,0,0,0,0,0,0
319200,10,10,100,10,10,0,0,0,0,0,0,0,10,0,0,0,0,0,0,0
319800,10,10,100,10,10,0,0,0,0,0,0,0,10,0,0,0,0,0,0,0
320400,10,10,100,10,10,0,0,0,0,0,0,0,10,0,0,0,0,0,0,0
321000,10,10,100,10,10,0,0,0,0,0,0,0,10,0,0,0,0,0,0,0
321600,10,10,100,10,10,0,0,0,0,0,0,0,10,0,0,0,0,0,0,0
322200,10,10,100,10,10,0,0,0,0,0,0,0,10,0,0,0,0,0,0,0
322800,10,10,100,10,10,0,0,0,0,0,0,0,10,0,0,0,0,0,0,0
323400,10,10,100,10,10,0,0,0,0,0,0,0,10,0,0,0,0,0,0,0
324000,10,10,100,10,10,0,0,0,0,0,0,0,10,0,0,0,0,0,0,0
324600,10,10,100,10,10,0,0,0,0,0,0,0,10,0,0,0,0,0,0,0
325200,10,10,100,10,10,0,0,0,0,0,0,0,10,0,0,0,0,0,0,0
325800,10,10,100,10,10,0,0,0,0,0,0,0,10,0,0,0,0,0,0,0
326400,10,10,100,10,10,0,0,0,0,0,0,0,10,0,0,0,0,0,0,0
327000,10,10,100,10,10,0,0,0,0,0,0,0,10,0,0,0,0,0,0,0
327600,10,10,100,10,10,0,0,0,0,0,0,0,10,0,0,0,0,0,0,0
328200,10,10,100,10,10,0,0,0,0,0,0,0,10,0,0,0,0,0,0,0
328800,10,10,100,10,10,0,0,0,0,0,0,0,10,0,0,0,0,0,0,0
329400,10,10,100,10,10,0,0,0,0,0,0,0,10,0,0,0,0,0,0,0
330000,10,10,100,10,10,0,0,0,0,0,0,0,10,0,0,0,0,0,0,0
330600,10,10,100,10,10,0,0,0,0,0,0,0,10,0,0,0,0,0,0,0
331200,10,10,100,10,10,0,0,0,0,0,0,0,10,0,0,0,0,0,0,0
331800,10,10,100,10,10,0,0,0,0,0,0,0,10,0,0,0,0,0,0,0
332400,10,10,100,10,10,0,0,0,0,0,0,0,10,0,0,0,0,0,0,0
333000,10,10,100,10,10,0,0,0,0,0,0,0,10,0,0,0,0,0,0,0
333600,10,10,100,10,10,0,0,0,0,0,0,0,10,0,0,0,0,0,0,0
334200,10,10,100,10,10,0,0,0,0,0,0,0,10,0,0,0,0,0,0,0
334800,10,10,100,10,10,0,0,0,0,0,0,0,10,0,0,0,0,0,0,0
335400,10,10,100,10,10,0,0,0,0,0,0,0,10,0,0,0,0,0,0,0
336000,10,10,100,10,10,0,0,0,0,0,0,0,10,0,0,0,0,0,0,0
336600,10,10,100,10,10,0,0,0,0,0,0,0,10,0,0,0,0,0,0,0
337200,10,10,100,10,10,0,0,0,0,0,0,0,10,0,0,0,0,0,0,0
337800,10,10,100,10,10,0,0,0,0,0,0,0,10,0,0,0,0,0,0,0
338400,10,10,100,10,10,0,0,0,0,0,0,0,10,0,0,0,0,0,0,0
339000,10,10,100,10,10,0,0,0,0,0,0,0,10,0,0,0,0,0,0,0
339600,10,10,100,10,10,0,0,0,0,0,0,0,10,0,0,0,0,0,0,0
340200,10,10,100,10,10,0,0,0,0,0,0,0,10,0,0,0,0,0,0,0
340800,10,10,100,10,10,0,0,0,0,0,0,0,10,0,0,0,0,0,0,0
341400,10,10,100,10,10,0,0,0,0,0,0,0,10,0,0,0,0,0,0,0
342000,10,10,100,10,10,0,0,0,0,0,0,0,10,0,0,0,0,0,0,0
342600,10,10,100,10,10,0,0,0,0,0,0,0,10,0,0,0,0,0,0,0
343200,10,10,100,10,10,0,0,0,0,0,0,0,10,0,0,0,0,0,0,0
343800,10,10,100,10,10,0,0,0,0,0,0,0,10,0,0,0,0,0,0,0
344400,10,10,100,10,10,0,0,0,0,0,0,0,10,0,0,0,0,0,0,0
345000,10,10,100,10,10,0,0,0,0,0,0,0,10,0,0,0,0,0,0,0
345600,10,10,100,10,10,0,0,0,0,0,0,0,10,0,0,0,0,0,0,0
346200,10,10,100,10,10,0,0,0,0,0,0,0,10,0,0,0,0,0,0,0
346800,10,10,100,10,10,0,0,0,0,0,0,0,10,0,0,0,0,0,0,0
347400,10,10,100,10,10,0,0,0,0,0,0,0,10,0,0,0,0,0,0,0
348000,10,10,100,10,10,0,0,0,0,0,0,0,10,0,0,0,0,0,0,0
348600,10,10,100,10,10,0,0,0,0,0,0,0,10,0,0,0,0,0,0,0
349200,10,10,100,10,10,0,0,0,0,0,0,0,10,0,0,0,0,0,0,0
349800,10,10,100,10,10,0,0,0,0,0,0,0,10,0,0,0,0,0,0,0
350400,10,10,100,10,10,0,0,0,0,0,0,0,10,0,0,0,0,0,0,0
351000,10,10,100,10,10,0,0,0,0,0,0,0,10,0,0,0,0,0,0,0
351600,10,10,100,10,10,0,0,0,0,0,0,0,10,0,0,0,0,0,0,0
352200,10,10,100,10,10,0,0,0,0,0,0,0,10,0,0,0,0,0,0,0
352800,10,10,100,10,10,0,0,0,0,0,0,0,10,0,0,0,0,0,0,0
353400,10,10,100,10,10,0,0,0,0,0,0,0,10,0,0,0,0,0,0,0
354000,10,10,100,10,10,0,0,0,0,0,0,0,10,0,0,0,0,0,0,0
354600,10,10,100,10,10,0,0,0,0,0,0,0,10,0,0,0,0,0,0,0
355200,10,10,100,10,10,0,0,0,0,0,0,0,10,0,0,0,0,0,0,0
355800,10,10,100,10,10,0,0,0,0,0,0,0,10,0,0,0,0,0,0,0
356400,10,10,100,10,10,0,0,0,0,0,0,0,10,0,0,0,0,0,0,0
357000,10,10,100,10,10,0,0,0,0,0,0,0,10,0,0,0,0,0,0,0
357600,10,10,100,10,10,0,0,0,0,0,0,0,10,0,0,0,0,0,0,0
358200,10,10,100,10,10,0,0,0,0,0,0,0,10,0,0,0,0,0,0,0
358800,10,10,100,10,10,0,0,0,0,0,0,0,10,0,0,0,0,0,0,0
359400,10,10,100,10,10,0,0,0,0,0,0,0,10,0,0,0,0,0,0,0
360000,10,10,100,10,10,0,0,0,0,0,0,0,10,0,0,0,0,0,0,0
360600,10,10,100,10,10,0,0,0,0,0,0,0,10,0,0,0,0,0,0,0
361200,10,10,100,10,10,0,0,0,0,0,0,0,10,0,0,0,0,0,0,0
361800,10,10,100,10,10,0,0,0,0,0,0,0,10,0,0,0,0,0,0,0
362400,10,10,100,10,10,0,0,0,0,0,0,0,10,0,0,0,0,0,0,0
363000,10,10,100,10,10,0,0,0,0,0,0,0,10,0,0,0,0,0,0,0
363600,10,10,100,10,10,0,0,0,0,0,0,0,10,0,0,0,0,0,0,0
364200,10,10,100,10,10,0,0,0,0,0,0,0,10,0,0,0,0,0,0,0
364800,10,10,100,10,10,0,0,0,0,0,0,0,10,0,0,0,0,0,0,0
365400,10,10,100,10,10,0,0,0,0,0,0,0,10,0,0,0,0,0,0,0
366000,10,10,100,10,10,0,0,0,0,0,0,0,10,0,0,0,0,0,0,0
366600,10,10,100,10,10,0,0,0,0,0,0,0,10,0,0,0,0,0,0,0
367200,10,10,100,10,10,0,0,0,0,0,0,0,10,0,0,0,0,0,0,0
367800,10,10,100,10,10,0,0,0,0,0,0,0,10,0,0,0,0,0,0,0
368400,10,10,100,10,10,0,0,0,0,0,0,0,10,0,0,0,0,0,0,0
369000,10,10,100,10,10,0,0,0,0,0,0,0,10,0,0,0,0,0,0,0
369600,10,10,100,10,10,0,0,0,0,0,0,0,10,0,0,0,0,0,0,0
370200,10,10,100,10,10,0,0,0,0,0,0,0,10,0,0,0,0,0,0,0
370800,10,10,100,10,10,0,0,0,0,0,0,0,10,0,0,0,0,0,0,0
371400,10,10,100,10,10,0,0,0,0,0,0,0,10,0,0,0,0,0,0,0
372000,10,10,100,10,10,0,0,0,0,0,0,0,10,0,0,0,0,0,0,0
372600,10,10,100,10,10,0,0,0,0,0,0,0,10,0,0,0,0,0,0,0
373200,10,10,100,10,10,0,0,0,0,0,0,0,10,0,0,0,0,0,0,0
373800,10,10,100,10,10,0,0,0,0,0,0,0,10,0,0,0,0,0,0,0
374400,10,10,100,10,10,0,0,0,0,0,0,0,10,0,0,0,0,0,0,0
375000,10,10,100,10,10,0,0,0,0,0,0,0,10,0,0,0,0,0,0,0
375600,10,10,100,10,10,0,0,0,0,0,0,0,10,0,0,0,0,0,0,0
376200,10,10,100,10,10,0,0,0,0,0,0,0,10,0,0,0,0,0,0,0
376800,10,10,100,10,10,0,0,0,0,0,0,0,10,0,0,0,0,0,0,0
377400,10,10,100,10,10,0,0,0,0,0,0,0,10,0,0,0,0,0,0,0
378000,10,10,100,10,10,0,0,0,0,0,0,0,10,0,0,0,0,0,0,0
378600,10,10,100,10,10,0,0,0,0,0,0,0,10,0,0,0,0,0,0,0
379200,10,10,100,10,10,0,0,0,0,0,0,0,10,0,0,0,0,0,0,0
379800,10,10,100,10,10,0,0,0,0,0,0,0,10,0,0,0,0,0,0,0
380400,10,10,100,10,10,0,0,0,0,0,0,0,10,0,0,0,0,0,0,0
381000,10,10,100,10,10,0,0,0,0,0,0,0,10,0,0,0,0,0,0,0
381600,10,10,100,10,10,0,0,0,0,0,0,0,10,0,0,0,0,0,0,0
382200,10,10,100,10,10,0,0,0,0,0,0,0,10,0,0,0,0,0,0,0
382800,10,10,100,10,10,0,0,0,0,0,0,0,10,0,0,0,0,0,0,0
383400,10,10,100,10,10,0,0,0,0,0,0,0,10,0,0,0,0,0,0,0
384000,10,10,100,10,10,0,0,0,0,0,0,0,10,0,0,0,0,0,0,0
384600,10,10,100,10,10,0,0,0,0,0,0,0,10,0,0,0,0,0,0,0
385200,10,10,100,10,10,0,0,0,0,0,0,0,10,0,0,0,0,0,0,0
385800,10,10,100,10,10,0,0,0,0,0,0,0,10,0,0,0,0,0,0,0
386400,10,10,100,10,10,0,0,0,0,0,0,0,10,0,0,0,0,0,0,0
387000,10,10,100,10,10,0,0,0,0,0,0,0,10,0,0,0,0,0,0,0
387600,10,10,100,10,10,0,0,0,0,0,0,0,10,0,0,0,0,0,0,0
388200,10,10,100,10,10,0,0,0,0,0,0,0,10,0,0,0,0,0,0,0
388800,10,10,100,10,10,0,0,0,0,0,0,0,10,0,0,0,0,0,0,0
389400,10,10,100,10,10,0,0,0,0,0,0,0,10,0,0,0,0,0,0,0
390000,10,10,100,10,10,0,0,0,0,0,0,0,10,0,0,0,0,0,0,0
390600,10,10,100,10,10,0,0,0,0,0,0,0,10,0,0,0,0,0,0,0
391200,10,10,100,10,10,0,0,0,0,0,0,0,10,0,0,0,0,0,0,0
391800,10,10,100,10,10,0,0,0,0,0,0,0,10,0,0,0,0,0,0,0
392400,10,10,100,10,10,0,0,0,0,0,0,0,10,0,0,0,0,0,0,0
393000,10,10,100,10,10,0,0,0,0,0,0,0,10,0,0,0,0,0,0,0
393600,10,10,100,10,10,0,0,0,0,0,0,0,10,0,0,0,0,0,0,0
394200,10,10,100,10,10,0,0,0,0,0,0,0,10,0,0,0,0,0,0,0
394800,10,10,100,10,10,0,0,0,0,0,0,0,10,0,0,0,0,0,0,0
395400,10,10,100,10,10,0,0,0,0,0,0,0,10,0,0,0,0,0,0,0
396000,10,10,100,10,10,0,0,0,0,0,0,0,10,0,0,0,0,0,0,0
396600,10,10,100,10,10,0,0,0,0,0,0,0,10,0,0,0,0,0,0,0
397200,10,10,100,10,10,0,0,0,0,0,0,0,10,0,0,0,0,0,0,0
397800,10,10,100,10,10,0,0,0,0,0,0,0,10,0,0,0,0,0,0,0
398400,10,10,100,10,10,0,0,0,0,0,0,0,10,0,0,0,0,0,0,0
399000,10,10,100,10,10,0,0,0,0,0,0,0,10,0,0,0,0,0,0,0
399600,10,10,100,10,10,0,0,0,0,0,0,0,10,0,0,0,0,0,0,0
400200,10,10,100,10,10,0,0,0,0,0,0,0,10,0,0,0,0,0,0,0
400800,10,10,100,10,10,0,0,0,0,0,0,0,10,0,0,0,0,0,0,0
401400,10,10,100,10,10,0,0,0,0,0,0,0,10,0,0,0,0,0,0,0
402000,10,10,100,10,10,0,0,0,0,0,0,0,10,0,0,0,0,0,0,0
402600,10,10,100,10,10,0,0,0,0,0,0,0,10,0,0,0,0,0,0,0
403200,10,10,100,10,10,0,0,0,0,0,0,0,10,0,0,0,0,0,0,0
403800,10,10,100,10,10,0,0,0,0,0,0,0,10,0,0,0,0,0,0,0
404400,10,10,100,10,10,0,0,0,0,0,0,0,10,0,0,0,0,0,0,0
405000,10,10,100,10,10,0,0,0,0,0,0,0,10,0,0,0,0,0,0,0
405600,10,10,100,10,10,0,0,0,0,0,0,0,10,0,0,0,0,0,0,0
406200,10,10,100,10,10,0,0,0,0,0,0,0,10,0,0,0,0,0,0,0
406800,10,10,100,10,10,0,0,0,0,0,0,0,10,0,0,0,0,0,0,0
407400,10,10,100,10,10,0,0,0,0,0,0,0,10,0,0,0,0,0,0,0
408000,10,10,100,10,10,0,0,0,0,0,0,0,10,0,0,0,0,0,0,0
408600,10,10,100,10,10,0,0,0,0,0,0,0,10,0,0,0,0,0,0,0
409200,10,10,100,10,10,0,0,0,0,0,0,0,10,0,0,0,0,0,0,0
409800,10,10,100,10,10,0,0,0,0,0,0,0,10,0,0,0,0,0,0,0
410400,10,10,100,10,10,0,0,0,0,0,0,0,10,0,0,0,0,0,0,0
411000,10,10,100,10,10,0,0,0,0,0,0,0,10,0,0,0,0,0,0,0
411600,10,10,100,10,10,0,0,0,0,0,0,0,10,0,0,0,0,0,0,0
412200,10,10,100,10,10,0,0,0,0,0,0,0,10,0,0,0,0,0,0,0
412800,10,10,100,10,10,0,0,0,0,0,0,0,10,0,0,0,0,0,0,0
413400,10,10,100,10,10,0,0,0,0,0,0,0,10,0,0,0,0,0,0,0
414000,10,10,100,10,10,0,0,0,0,0,0,0,10,0,0,0,0,0,0,0
414600,10,10,100,10,10,0,0,0,0,0,0,0,10,0,0,0,0,0,0,0
415200,10,10,100,10,10,0,0,0,0,0,0,0,10,0,0,0,0,0,0,0
415800,10,10,100,10,10,0,0,0,0,0,0,0,10,0,0,0,0,0,0,0
416400,10,10,100,10,10,0,0,0,0,0,0,0,10,0,0,0,0,0,0,0
417000,10,10,100,10,10,0,0,0,0,0,0,0,10,0,0,0,0,0,0,0
417600,10,10,100,10,10,0,0,0,0,0,0,0,10,0,0,0,0,0,0,0
418200,10,10,100,10,10,0,0,0,0,0,0,0,10,0,0,0,0,0,0,0
418800,10,10,100,10,10,0,0,0,0,0,0,0,10,0,0,0,0,0,0,0
419400,10,10,100,10,10,0,0,0,0,0,0,0,10,0,0,0,0,0,0,0
420000,10,10,100,10,10,0,0,0,0,0,0,0,10,0,0,0,0,0,0,0
420600,10,10,100,10,10,0,0,0,0,0,0,0,10,0,0,0,0,0,0,0
421200,10,10,100,10,10,0,0,0,0,0,0,0,10,0,0,0,0,0,0,0
421800,10,10,100,10,10,0,0,0,0,0,0,0,10,0,0,0,0,0,0,0
422400,10,10,100,10,10,0,0,0,0,0,0,0,10,0,0,0,0,0,0,0
423000,10,10,100,10,10,0,0,0,0,0,0,0,10,0,0,0,0,0,0,0
423600,10,10,100,10,10,0,0,0,0,0,0,0,10,0,0,0,0,0,0,0
424200,10,10,100,10,10,0,0,0,0,0,0,0,10,0,0,0,0,0,0,0
424800,10,10,100,10,10,0,0,0,0,0,0,0,10,0,0,0,0,0,0,0
425400,10,10,100,10,10,0,0,0,0,0,0,0,10,0,0,0,0,0,0,0
426000,10,10,100,10,10,0,0,0,0,0,0,0,10,0,0,0,0,0,0,0
426600,10,10,100,10,10,0,0,0,0,0,0,0,10,0,0,0,0,0,0,0
427200,10,10,100,10,10,0,0,0,0,0,0,0,10,0,0,0,0,0,0,0
427800,10,10,100,10,10,0,0,0,0,0,0,0,10,0,0,0,0,0,0,0
428400,10,10,100,10,10,0,0,0,0,0,0,0,10,0,0,0,0,0,0,0
429000,10,10,100,10,10,0,0,0,0,0,0,0,10,0,0,0,0,0,0,0
429600,10,10,100,10,10,0,0,0,0,0,0,0,10,0,0,0,0,0,0,0
430200,10,10,100,10,10,0,0,0,0,0,0,0,10,0,0,0,0,0,0,0
430800,10,10,100,10,10,0,0,0,0,0,0,0,10,0,0,0,0,0,0,0
431400,10,10,100,10,10,0,0,0,0,0,0,0,10,0,0,0,0,0,0,0
432000,10,10,100,10,10,0,0,0,0,0,0,0,10,0,0,0,0,0,0,0
